,caption,image_file
1,a TOK smiling at the camera,jungkook-001.jpg
2,a photo of TOK wearing a beanie and smiling,jungkook-004.jpg
3,a photo of TOK wearing a beanie against a light background,jungkook-002.jpg
4,A photo of TOK wearing a chain necklace,jungkook-005.jpg
5,A photo of TOK looking directly ahead,suga-002.jpg
6,A TOK wearing a bandana and a puffer jacket looking directly ahead,suga-003.jpg
7,A TOK angling their neck and looking at the side,suga-001.jpg
8,A photo of TOK in a grey sweater against a grey background,suga-005.jpg
9,A photo of TOK against a grey-blue background resting his hand on his face,namjoon-001.jpg
10,A TOK against a light yellow background looking off to the side,namjoon-003.jpg
11,"A photo of TOK in the desert, winking and touching his sunglasses",namjoon-002.jpg
12,A photo of TOK wearing sunglasses and smiling,namjoon-006.jpg
13,A photo of TOK looking at the camera,jin-003.jpg
14,A side view photo of TOK against a light colored background,jin-005.jpg
15,A photo of TOK,jin-006.jpg
16,A photo of TOK against a dark background looking directly at the viewer,jin-001.jpg
17,A photo of TOK against a peach colored background,taehyung-001.jpg
18,"A photo of TOK in a suit, waving",taehyung-002.jpg
19,A photo of TOK smiling,taehyung-003.jpg
20,A photo of TOK wearing headphones around his neck and looking off to the side,taehyung-005.jpg
21,A photo of TOK wearing a black suit and smiling slightly,jimin-001.jpg
22,A photo of TOK wearing a black suit and skinny tie looking off to the side,jimin-002.jpg
23,A photo of TOK on a train,jimin-004.jpg
24,A photo of TOK looking off to the side,jimin-005.jpg
25,A photo of TOK outdoors leaning against a brick wall with a stop sign in the background,jhope-001.jpg
26,A photo of TOK resting his hand on his chin and smiling softly,jhope-002.jpg
27,A photo of TOK leaning forward wearing a Louis Vuitton jacket and with tan background behind him,jhope-005.jpg
28,A photo of TOK outdoors taking a selfie and making a duck face or pouting,jhope-006.jpg